Feature,Importance
num__anxiety_score_0to27,0.6760267338537065
log__low_mood_score_0to27,0.06407781326944256
log__daily_screen_hours,0.05585492908647119
log__daily_notifications,0.02834172445904154
num__avg_sleep_hours,0.019349665911529406
log__minutes_to_first_check_after_waking,0.015575905029871797
num__age,0.015364298233165367
num__fomo_1to10,0.013316080066277458
num__social_comparison_1to10,0.011238234716054974
num__loneliness_1to10,0.011106595299551308
num__life_satisfaction_1to10,0.0103167976526975
num__self_esteem_1to10,0.01021424438547556
log__platforms_used_count,0.00856988663333141
ordinal__night_time_use,0.007778883569113905
ordinal__attempted_digital_detox,0.004492413216703925
ordinal__seeks_mental_health_support,0.0042737548261627565
one__gender_Female,0.0025947483402848103
one__occupation_Student,0.002513066332622703
one__region_North America,0.0024288078086163213
one__region_Asia,0.0024248484108307555
one__gender_Male,0.0024197763961110092
one__occupation_Full-time employed,0.0023948828653897933
one__most_used_platform_Instagram,0.002325420115145284
one__region_Europe,0.0022419515512500663
one__uses_screen_time_limits_No,0.0022229931471743273
one__most_used_platform_TikTok,0.0021943548545025645
one__most_used_platform_YouTube,0.0021543510904963796
one__uses_screen_time_limits_Yes,0.002107538873684329
one__occupation_Part-time employed,0.0016788833785726185
one__region_Latin America,0.0016572276451294523
one__occupation_Unemployed,0.0013935279725110219
one__most_used_platform_Snapchat,0.0013869632340026833
one__most_used_platform_X/Twitter,0.0013463575653639842
one__most_used_platform_Facebook,0.0012809646247117772
one__most_used_platform_Reddit,0.0012036143632996254
one__occupation_Self-employed,0.0011447537682626365
one__region_Africa,0.0010875813004174216
one__region_Oceania,0.0010717681528279815
one__most_used_platform_LinkedIn,0.0008205992146877347
one__occupation_Retired,0.0008111923130985131
one__gender_Non-binary,0.0007929094640051398
one__gender_Prefer not to say,0.0004029570084039839
